t,running,waiting
0.000,0.0,0.0
0.200,0.0,0.0
0.401,0.0,0.0
0.601,0.0,0.0
0.801,0.0,0.0
1.001,0.0,0.0
1.202,0.0,0.0
1.402,0.0,0.0
1.602,0.0,0.0
1.802,0.0,0.0
2.003,0.0,0.0
2.203,0.0,0.0
2.403,0.0,0.0
2.603,0.0,0.0
2.804,0.0,0.0
3.004,0.0,0.0
3.204,0.0,0.0
3.405,0.0,0.0
3.605,0.0,0.0
3.805,0.0,0.0
4.005,0.0,0.0
4.206,0.0,0.0
4.406,0.0,0.0
4.606,0.0,0.0
4.806,0.0,0.0
5.007,0.0,0.0
5.207,0.0,0.0
5.407,0.0,0.0
5.608,0.0,0.0
5.808,0.0,0.0
6.008,0.0,0.0
6.208,0.0,0.0
6.409,0.0,0.0
6.609,0.0,0.0
6.809,0.0,0.0
7.009,0.0,0.0
7.210,0.0,0.0
7.410,0.0,0.0
7.610,0.0,0.0
7.811,0.0,0.0
8.011,0.0,0.0
8.211,0.0,0.0
8.411,0.0,0.0
8.611,0.0,0.0
8.812,0.0,0.0
9.013,0.0,0.0
9.213,0.0,0.0
9.414,0.0,0.0
9.614,0.0,0.0
9.814,0.0,0.0
10.014,0.0,0.0
10.214,0.0,0.0
10.415,0.0,0.0
10.615,0.0,0.0
10.815,0.0,0.0
11.015,0.0,0.0
11.216,0.0,0.0
11.416,0.0,0.0
11.616,0.0,0.0
11.816,0.0,0.0
12.016,0.0,0.0
12.217,0.0,0.0
12.417,0.0,0.0
12.617,0.0,0.0
12.817,0.0,0.0
13.018,0.0,0.0
13.218,0.0,0.0
13.418,0.0,0.0
13.618,0.0,0.0
13.819,0.0,0.0
14.019,0.0,0.0
14.219,0.0,0.0
14.419,0.0,0.0
14.620,0.0,0.0
14.820,0.0,0.0
15.020,0.0,0.0
15.220,0.0,0.0
15.420,0.0,0.0
15.621,0.0,0.0
15.821,0.0,0.0
16.021,0.0,0.0
16.221,0.0,0.0
16.422,0.0,0.0
16.622,0.0,0.0
16.822,0.0,0.0
17.022,0.0,0.0
17.222,0.0,0.0
17.423,0.0,0.0
17.623,0.0,0.0
17.823,0.0,0.0
18.023,0.0,0.0
18.224,0.0,0.0
18.424,0.0,0.0
18.624,0.0,0.0
18.824,0.0,0.0
19.025,0.0,0.0
19.225,0.0,0.0
19.425,0.0,0.0
19.625,0.0,0.0
19.826,0.0,0.0
20.026,0.0,0.0
20.226,0.0,0.0
20.426,0.0,0.0
20.627,0.0,0.0
20.827,0.0,0.0
21.027,0.0,0.0
21.227,0.0,0.0
21.427,0.0,0.0
21.628,0.0,0.0
21.828,0.0,0.0
22.028,0.0,0.0
22.228,0.0,0.0
22.428,0.0,0.0
22.629,0.0,0.0
22.829,3.0,0.0
23.029,8.0,0.0
23.230,14.0,0.0
23.430,21.0,0.0
23.630,25.0,1.0
23.830,31.0,0.0
24.031,38.0,0.0
24.231,41.0,0.0
24.431,44.0,0.0
24.631,48.0,0.0
24.832,52.0,0.0
25.032,52.0,0.0
25.232,55.0,0.0
25.432,60.0,0.0
25.633,63.0,0.0
25.833,67.0,0.0
26.033,70.0,0.0
26.233,72.0,0.0
26.433,74.0,0.0
26.634,78.0,0.0
26.834,81.0,0.0
27.034,88.0,0.0
27.234,91.0,0.0
27.435,96.0,0.0
27.635,100.0,0.0
27.835,104.0,0.0
28.035,108.0,0.0
28.236,111.0,0.0
28.436,115.0,0.0
28.636,120.0,0.0
28.836,125.0,0.0
29.037,121.0,0.0
29.237,121.0,0.0
29.437,120.0,0.0
29.637,117.0,0.0
29.838,114.0,0.0
30.038,115.0,0.0
30.238,118.0,0.0
30.438,120.0,0.0
30.639,119.0,0.0
30.839,121.0,0.0
31.039,121.0,0.0
31.239,127.0,0.0
31.439,131.0,0.0
31.640,134.0,0.0
31.840,138.0,0.0
32.040,142.0,0.0
32.240,147.0,1.0
32.441,147.0,0.0
32.641,151.0,2.0
32.841,158.0,1.0
33.041,161.0,3.0
33.242,163.0,1.0
33.442,170.0,3.0
33.642,174.0,5.0
33.842,180.0,4.0
34.043,182.0,5.0
34.243,187.0,3.0
34.443,191.0,0.0
34.643,197.0,3.0
34.844,201.0,2.0
35.044,203.0,0.0
35.244,207.0,0.0
35.444,211.0,0.0
35.645,216.0,2.0
35.845,218.0,0.0
36.045,225.0,2.0
36.245,228.0,3.0
36.446,235.0,4.0
36.646,239.0,1.0
36.846,246.0,1.0
37.046,249.0,2.0
37.246,256.0,4.0
37.447,255.0,11.0
37.647,254.0,15.0
37.847,253.0,14.0
38.047,254.0,11.0
38.248,255.0,10.0
38.448,254.0,15.0
38.648,254.0,14.0
38.848,254.0,16.0
39.049,256.0,13.0
39.249,255.0,16.0
39.449,255.0,19.0
39.649,253.0,24.0
39.849,253.0,25.0
40.050,254.0,28.0
40.250,253.0,32.0
40.450,254.0,35.0
40.650,255.0,37.0
40.850,254.0,39.0
41.051,255.0,39.0
41.251,256.0,41.0
41.451,255.0,42.0
41.651,253.0,46.0
41.852,253.0,46.0
42.052,255.0,46.0
42.252,255.0,54.0
42.452,256.0,54.0
42.653,254.0,56.0
42.853,255.0,54.0
43.053,255.0,51.0
43.253,253.0,48.0
43.454,253.0,44.0
43.654,254.0,40.0
43.854,254.0,36.0
44.054,256.0,32.0
44.255,253.0,29.0
44.455,252.0,23.0
44.655,255.0,19.0
44.855,252.0,15.0
45.056,252.0,11.0
45.256,252.0,4.0
45.456,252.0,0.0
45.656,234.0,0.0
45.857,209.0,0.0
46.057,189.0,0.0
46.257,165.0,0.0
46.457,148.0,0.0
46.658,134.0,0.0
46.858,124.0,0.0
47.058,115.0,0.0
47.258,102.0,0.0
47.459,83.0,0.0
47.659,63.0,0.0
47.859,55.0,0.0
48.060,40.0,0.0
48.260,1.0,0.0
48.460,0.0,0.0
48.660,0.0,0.0
48.860,0.0,0.0
49.061,0.0,0.0
49.261,0.0,0.0
49.461,0.0,0.0
49.661,0.0,0.0
49.862,0.0,0.0
50.062,0.0,0.0
50.262,0.0,0.0
50.462,0.0,0.0
50.663,0.0,0.0
50.863,0.0,0.0
51.063,0.0,0.0
51.263,0.0,0.0
51.464,0.0,0.0
51.664,0.0,0.0
51.864,0.0,0.0
52.065,0.0,0.0
52.265,0.0,0.0
52.465,0.0,0.0
52.665,0.0,0.0
52.865,0.0,0.0
53.066,0.0,0.0
53.266,0.0,0.0
53.466,0.0,0.0
53.666,0.0,0.0
53.867,0.0,0.0
54.067,0.0,0.0
54.267,0.0,0.0
54.467,0.0,0.0
54.668,0.0,0.0
54.868,0.0,0.0
55.068,0.0,0.0
55.269,0.0,0.0
55.469,0.0,0.0
55.669,0.0,0.0
55.869,0.0,0.0
